{
    "train_losses": [
        1.925294438997903,
        1.7180544273805762,
        1.6342653185553702,
        1.576846169949937,
        1.5384266811218688,
        1.4975529178934557,
        1.47559393878676,
        1.4496320312858655,
        1.4268235586307665,
        1.4033956952244464,
        1.3839141004785165,
        1.3710694455692911,
        1.3526837438599677,
        1.3369159552446461,
        1.316432566384644
    ],
    "valid_losses": [
        1.7959958255290986,
        1.6528832107782365,
        1.5848616838455198,
        1.5130200296640393,
        1.5095179200172428,
        1.4595374405384063,
        1.4537438690662383,
        1.3861130028963091,
        1.3828664213418962,
        1.3671071499586107,
        1.36192547082901,
        1.3051024734973915,
        1.2911959856748585,
        1.2841048628091813,
        1.2739825606346127
    ],
    "train_accs": [
        0.3098068019943015,
        0.38980146011396,
        0.4187589031339028,
        0.43912482193732183,
        0.45181178774928776,
        0.4654113247863247,
        0.47716346153846156,
        0.48648949430199423,
        0.4919649216524217,
        0.49982193732193725,
        0.5056757478632481,
        0.5129763176638176,
        0.5186965811965814,
        0.5244836182336181,
        0.5307825854700859
    ],
    "valid_accs": [
        0.3654296875000001,
        0.42148437500000024,
        0.4361328124999999,
        0.46757812500000007,
        0.46992187500000004,
        0.49179687499999997,
        0.48164062500000004,
        0.5117187499999999,
        0.514453125,
        0.5146484375000001,
        0.5158203124999998,
        0.5404296874999998,
        0.5451171875000002,
        0.5449218749999999,
        0.5527343750000002
    ],
    "test_loss": 1.3796214966834346,
    "test_acc": 0.515625,
    "train_time": [
        3.5682342052459717,
        3.5574889183044434,
        3.5922555923461914,
        3.5408308506011963,
        3.5602622032165527,
        3.607485055923462,
        3.578209400177002,
        3.561227798461914,
        3.587266206741333,
        3.5910942554473877,
        3.5759034156799316,
        3.6389379501342773,
        3.550952911376953,
        3.5836071968078613,
        3.542022228240967
    ],
    "test_time": [
        0.35807251930236816,
        0.3435952663421631,
        0.3337726593017578,
        0.33205604553222656,
        0.3485453128814697,
        0.32804083824157715,
        0.3524472713470459,
        0.34943127632141113,
        0.3263101577758789,
        0.3464348316192627,
        0.34487462043762207,
        0.3325364589691162,
        0.362302303314209,
        0.3368062973022461,
        0.3574254512786865
    ]
}