{
    "train_losses": [
        1.8015945032451253,
        1.5846833989151512,
        1.495089993857251,
        1.4348867201057949,
        1.3941354262523165,
        1.3481955096932212,
        1.3129298602074313,
        1.2926199755437704,
        1.259500221309499,
        1.2307815044014538,
        1.2132933282444636,
        1.199012505872297,
        1.1693690572029505,
        1.1515495980906696,
        1.1291212164438686
    ],
    "valid_losses": [
        1.6215456545352938,
        1.5491725683212276,
        1.4491797029972078,
        1.3618126600980756,
        1.3241831541061404,
        1.3178120732307432,
        1.284650480747223,
        1.2195302173495293,
        1.1857801973819733,
        1.2017177656292914,
        1.1614850521087645,
        1.1254715576767917,
        1.0936370208859443,
        1.089804130792618,
        1.0695211067795753
    ],
    "train_accs": [
        0.3605546652421653,
        0.43921385327635293,
        0.47257834757834727,
        0.493701032763533,
        0.5083912037037038,
        0.5245949074074078,
        0.5369257478632476,
        0.5447159900284904,
        0.5551771723646727,
        0.5632567663817666,
        0.5669738247863249,
        0.574853098290598,
        0.5853810541310546,
        0.5934161324786323,
        0.6024973290598291
    ],
    "valid_accs": [
        0.4267578125,
        0.45859375000000013,
        0.492578125,
        0.526953125,
        0.53125,
        0.5519531249999999,
        0.5482421875000001,
        0.5646484374999999,
        0.5828125,
        0.56953125,
        0.5812499999999999,
        0.6091796875000001,
        0.6074218750000002,
        0.6154296874999999,
        0.6246093749999999
    ],
    "test_loss": 1.2756541326076172,
    "test_acc": 0.5572587025316457,
    "train_time": [
        3.5860087871551514,
        3.6072893142700195,
        3.6164329051971436,
        3.592212438583374,
        3.565335988998413,
        3.596398115158081,
        3.61325740814209,
        3.5907485485076904,
        3.6539223194122314,
        3.5787534713745117,
        3.5755960941314697,
        3.577432632446289,
        3.570070266723633,
        3.696026563644409,
        3.5744664669036865
    ],
    "test_time": [
        0.35411882400512695,
        0.3807337284088135,
        0.3527812957763672,
        0.41622185707092285,
        0.36533260345458984,
        0.33946800231933594,
        0.37909650802612305,
        0.34706807136535645,
        0.34468626976013184,
        0.3546624183654785,
        0.3634212017059326,
        0.3511486053466797,
        0.3553943634033203,
        0.3612847328186035,
        0.33562779426574707
    ]
}