{
    "train_losses": [
        1.910680376226746,
        1.7729960666422826,
        1.7241777871069401,
        1.6950740012687846,
        1.665378959769877,
        1.6409934426304955,
        1.6258533245477933,
        1.612099176118856,
        1.5927172804150487,
        1.585512644544965,
        1.5724724840234825,
        1.5662294381704085,
        1.5535841090047453,
        1.5420279642115984,
        1.5387668650374446
    ],
    "valid_losses": [
        1.81654956638813,
        1.7443686783313748,
        1.6977516829967496,
        1.6565306931734083,
        1.6268678456544874,
        1.6044818311929703,
        1.6011899679899215,
        1.5745766967535022,
        1.5702663332223894,
        1.547479817271233,
        1.5370946109294892,
        1.531360200047493,
        1.5292281121015554,
        1.5111301362514498,
        1.4953634381294252
    ],
    "train_accs": [
        0.3249643874643872,
        0.38136574074074037,
        0.39841524216524216,
        0.40811965811965795,
        0.41833600427350415,
        0.42726139601139623,
        0.43182425213675163,
        0.43302617521367515,
        0.4399928774928775,
        0.44215188746438727,
        0.4493634259259259,
        0.4501869658119656,
        0.4526130698005693,
        0.454215633903134,
        0.45641915954415946
    ],
    "valid_accs": [
        0.36445312499999993,
        0.3964843749999999,
        0.4140625,
        0.43554687500000006,
        0.44296874999999997,
        0.45175781250000013,
        0.44667968749999987,
        0.461328125,
        0.4591796875,
        0.46601562499999993,
        0.46640624999999997,
        0.46328125000000014,
        0.46796874999999993,
        0.47265625000000006,
        0.47675781250000004
    ],
    "test_loss": 1.5546756183044819,
    "test_acc": 0.45530063291139217,
    "train_time": [
        4.911062240600586,
        4.221311569213867,
        4.671455383300781,
        4.932552814483643,
        5.016701698303223,
        4.500749826431274,
        4.750753402709961,
        4.798489093780518,
        4.958061695098877,
        4.909481048583984,
        4.447065591812134,
        5.046077489852905,
        3.9367756843566895,
        4.742673635482788,
        5.408497095108032
    ],
    "test_time": [
        0.46382784843444824,
        0.4425828456878662,
        0.45455121994018555,
        0.4706742763519287,
        0.4504427909851074,
        0.4885408878326416,
        0.5030257701873779,
        0.5273568630218506,
        0.482694149017334,
        0.4567372798919678,
        0.5005507469177246,
        0.5216565132141113,
        0.5276784896850586,
        0.5532383918762207,
        0.5694577693939209
    ]
}